Video ID,Playlist Video Creation Timestamp
55b9I4VjW_I,2025-10-22T20:52:03+00:00
vN0ZZTRcrs0,2025-10-22T20:52:03+00:00
sKdTFmOOhe4,2025-10-22T20:52:03+00:00
Z3al5a_Te5g,2025-10-22T20:52:03+00:00
wcZU4H-UpJA,2025-10-22T20:52:03+00:00
TpncjvpGBIw,2025-10-22T20:52:03+00:00
m9lKqmrVY_k,2025-10-22T20:52:03+00:00
O42kwkIkOVM,2025-10-22T20:52:03+00:00
im5XIhALz2k,2025-10-22T20:52:03+00:00
I4YJ-U4zHbA,2025-10-22T20:52:03+00:00
q1gSKj-V9iU,2025-10-22T20:52:03+00:00
pVjCJULiZoQ,2025-10-22T20:52:03+00:00
eX6nX8-x5vE,2025-10-22T20:52:03+00:00
rK8en1MdjGQ,2025-10-22T20:52:03+00:00
YvjCAlXrfJA,2025-10-22T20:52:03+00:00
jOHlhXaWqz0,2025-10-26T20:01:49+00:00





